Country Name,Exports (% of GDP) 2018,Exports (% of GDP) 2019
World,29.1851154957674,28.3210436868211
Zambia,37.9574045480394,34.6361926031881
Vanuatu,41.596872147025,50.3452768729642
